name,url,created_at
TEST,www.google.com,today
test 2,www.test.com,today
hello,there,2024-05-19 12:26:59.269707
fdsasdf,fdsafdsa,2024-05-19 12:29:27.324916
fdsafdasfdsaf,fdsajkljkl;j,2024-05-19 12:29:33.694663
hello0000,tthere,2024-05-19 12:30:31.508134
add another value,to this thing,2024-05-19 12:30:41.073383
Emanuel Rodriguez,this is a test to see how well this is gonna look,2024-05-19 12:33:49.691793
this is a tes to see,fdsjhklfdsa,2024-05-19 12:53:49.210528
test,test,2024-05-19 13:01:24.142521
,test,2024-05-19 13:04:23.655916
this is a test,this is another test,2024-05-19 13:04:33.993787
this is atest to see how well this works,www.google.com,2024-05-19 19:39:07.175835
